々,506163
澤,64691
倶,23982
讐,15123
渕,12154
牝,11810
輌,9993
苫,9876
學,9404
姦,9177
狗,9078
綬,8654
榴,8578
騨,8333
裔,7955
濱,7777
遽,7725
祀,7531
揆,7389
舘,7304
諡,6933
諜,6876
頸,6499
聘,6387
峙,6316
焉,6213
醤,5995
廠,5834
憑,5830
銚,5783
齋,5781
爬,5712
袁,5680
渾,5567
埠,5461
侠,5449
諫,5388
邊,5321
擲,5320
輛,5063
隕,4950
宍,4914
痺,4836
嶽,4812
蒋,4720
曼,4706
聯,4572
牢,4553
揖,4478
橿,4441
桓,4299
癌,4299
榜,4246
妓,4175
嚢,4158
囃,4109
嗜,4104
娼,4038
咸,4030
塵,4017
偕,4009
邉,3997
爺,3920
靭,3875
墟,3856
婁,3821
邱,3808
殲,3788
鐵,3736
浙,3715
粕,3701
叩,3695
韮,3660
屏,3600
脆,3561
滸,3527
叛,3459
苅,3396
拗,3389
溪,3372
鍾,3366
梵,3366
旛,3324
崗,3292
蕭,3285
扁,3276
嶼,3273
餐,3213
翅,3202
孵,3188
荏,3186
荼,3165
耆,3150
瀋,3150
吊,3140
饉,3123
鉾,3068
髙,3061
咋,3054
鰭,3037
涌,3025
夭,3001
砺,2989
贄,2979
炸,2977
姶,2957
噛,2881
會,2879
站,2867
愕,2860
篭,2850
鹸,2809
陝,2801
蛋,2781
蛭,2775
戮,2769
呑,2746
蔚,2744
鯖,2743
灌,2723
淮,2717
捏,2710
荊,2700
冤,2690
聚,2685
肛,2653
狛,2653
洒,2638
鸞,2610
牌,2594
冑,2592
薨,2578
泄,2537
匈,2536
渤,2485
饅,2484
糠,2459
矮,2456
誅,2443
鮫,2441
罹,2432
渠,2418
隘,2413
祓,2398
酋,2396
鹵,2396
鴎,2382
狐,2346
洩,2328
疇,2328
餃,2311
繍,2300
疹,2277
勒,2277
址,2273
瞑,2253
贅,2253
衙,2243
篆,2239
繚,2202
圀,2202
閻,2178
俯,2171
藪,2145
畷,2139
于,2128
蔡,2127
雍,2124
證,2110
蜀,2056
蜷,2056
﨑,2054
悶,2052
鰐,2046
垢,2038
仇,2028
濾,2016
吃,2010
腿,2001
獨,1982
彭,1977
厥,1972
鏑,1947
虻,1942
蹊,1931
礫,1923
桝,1913
嘔,1896
邇,1881
鵠,1869
疆,1857
虔,1855
喘,1835
爛,1833
僑,1833
淘,1820
紆,1806
堡,1805
剃,1805
宦,1796
躯,1792
稙,1789
隧,1788
竈,1767
阮,1764
珪,1759
蝕,1749
艤,1744
塘,1729
莢,1713
拿,1711
熾,1707
糟,1694
靡,1680
贋,1670
掻,1663
鄧,1657
拮,1654
糞,1645
鼠,1611
蜃,1603
抒,1590
閘,1588
媚,1588
眷,1581
怯,1579
膵,1579
鉤,1578
豫,1577
靱,1549
韋,1540
菰,1524
髭,1516
顛,1514
顆,1502
噺,1492
掩,1490
懺,1474
呆,1463
逼,1461
鑽,1458
翰,1449
蕩,1447
涛,1438
薮,1437
窩,1432
咬,1415
稗,1411
膠,1400
冀,1399
猥,1394
份,1389
漿,1383
礪,1383
晰,1383
僭,1375
佼,1371
讀,1369
胚,1366
當,1362
妾,1357
簒,1356
溥,1355
潭,1345
竄,1340
范,1336
輜,1312
弼,1312
棍,1294
亢,1288
舛,1284
嚆,1283
乖,1279
鐸,1269
奢,1259
蟲,1256
幀,1241
鍮,1236
頚,1235
閔,1231
馮,1226
煕,1214
濠,1211
讒,1195
贖,1193
嗚,1188
甑,1182
瀞,1176
蛯,1163
毫,1162
疼,1162
濤,1150
夙,1145
櫃,1141
擾,1139
魄,1139
箏,1133
埔,1132
幇,1119
誦,1115
瓊,1110
瀾,1109
兇,1108
岱,1100
綏,1088
薛,1087
椙,1074
檗,1069
祚,1069
辟,1063
雙,1063
卦,1060
圳,1058
裴,1056
廈,1053
蟄,1049
嬬,1048
梱,1040
碕,1039
鞆,1035
謬,1019
莱,1016
扮,1014
饒,1000
蒜,1000
烙,994
歪,990
澳,987
肆,983
泗,982
丕,981
做,976
攀,970
楳,965
枡,963
猷,962
撹,962
寶,960
麾,958
俘,955
揉,953
碍,948
柩,942
膿,941
蕊,930
訶,926
瞞,926
姚,925
蛛,922
賈,921
彅,917
佩,910
瑤,907
椒,904
蜘,898
謳,895
浣,886
駁,884
吠,875
凋,874
渭,873
唖,873
屠,872
祠,871
隴,863
什,862
帷,861
嵌,858
坡,854
闍,853
閩,852
邁,850
霍,849
滄,849
赫,843
訛,840
粂,837
汾,834
羹,830
碇,822
痍,821
廓,821
箚,820
剱,819
煬,813
帛,812
蝉,809
斂,806
壺,805
嬌,800
茗,800
廼,799
飫,795
戎,791
鎚,785
驃,785
笏,779
冲,778
邵,777
繋,775
奸,771
哈,770
焔,761
脾,760
兗,759
苻,755
脛,754
澎,751
盧,750
崋,747
鶯,747
仗,742
葱,738
杓,736
潴,727
燻,725
鬘,725
淺,725
婢,724
蟻,721
輻,719
飴,719
禿,715
懿,712
邨,712
瀉,712
鋏,711
咩,710
饌,709
賤,708
剋,708
趨,708
鵄,705
趾,702
煥,701
煽,698
岑,697
姜,697
疽,692
鵡,686
舒,686
涜,685
卉,685
肱,681
獰,675
滬,669
瀑,669
烹,666
曺,665
几,663
箭,659
鰹,659
蝸,658
姑,656
腱,655
拼,654
賽,653
寇,653
繹,649
臀,648
恫,648
并,647
鴈,646
剪,645
寨,642
鰍,641
睾,638
闊,638
僻,633
璋,633
燐,630
璐,630
攫,628
鐡,628
祗,627
體,624
稠,621
攪,619
腋,617
筰,616
蘂,614
橈,611
鑼,611
桿,606
栢,606
咳,606
轍,606
舩,605
粤,604
疱,604
弩,602
翫,596
戍,595
篋,592
厭,592
龐,589
涵,589
魎,587
樅,586
耿,585
樊,585
沂,581
竇,580
號,578
婉,576
諷,576
韶,575
蠣,570
磔,566
黔,564
蛙,563
籔,559
圖,559
澱,557
詛,555
狄,554
猜,552
兌,552
雉,551
崙,551
截,551
蓼,550
弉,547
蛸,544
羲,542
籃,540
苓,540
醗,540
薔,539
腓,535
餘,535
閾,535
捐,532
槿,529
闕,529
滓,529
漳,528
疸,520
兪,516
廖,509
茲,507
鞮,506
甜,506
聶,506
壷,504
癬,503
菲,502
轢,501
錨,498
臺,497
撥,497
瘴,496
絨,495
禦,493
薇,492
嶝,491
麹,491
籟,488
餉,487
絅,486
怡,486
悍,483
簸,483
宸,481
撼,481
偃,480
戀,479
倚,479
礦,479
嵜,478
荀,477
羌,477
羯,475
衍,475
娑,475
漉,473
嚥,473
盪,472
穎,471
潼,465
奕,462
鬨,462
睿,461
芻,460
迹,458
鮭,456
欒,456
辯,456
咄,454
涇,453
哭,453
崑,452
糀,450
猴,450
攘,450
芒,446
黌,443
楔,442
臈,441
叟,440
砒,440
匯,438
簗,436
掖,434
臧,434
鴫,433
磋,433
狸,430
鄒,429
帚,429
愴,426
菟,425
燼,424
訥,423
炳,423
盂,423
臍,422
匪,422
沐,422
躁,422
朧,420
嚮,419
甕,419
絲,418
頴,418
禹,418
嶌,417
發,417
杢,417
彊,417
琅,416
闢,416
喀,414
燁,414
蘆,414
邏,411
鍼,410
箪,408
杣,407
嬰,407
諌,407
厦,407
霸,406
榑,406
杞,405
憫,405
咒,404
熹,403
劈,402
假,401
鍍,401
鈑,401
涸,399
篝,399
暎,399
姨,398
愾,397
菁,397
腑,395
淄,394
藺,394
綫,392
吼,392
潁,390
磊,390
晤,389
奘,389
汕,389
邢,388
歿,387
鞋,386
炯,385
秉,384
忻,383
關,383
瞽,382
檻,382
熨,382
皖,382
竟,381
鵞,379
壩,379
詭,378
屁,377
蝋,373
陞,373
縊,372
鯵,372
鑓,370
玻,369
鴇,368
你,368
侭,367
汶,367
驪,367
睨,364
瞰,363
舍,363
褶,362
餞,362
楡,359
枷,359
瞼,359
經,358
贛,358
砿,357
棠,357
緬,355
淆,354
緞,352
矜,352
鈷,351
衒,351
撈,350
棹,349
聊,349
鬆,348
穢,345
垪,343
衾,341
箒,341
槓,340
稷,337
敲,337
剽,336
屍,335
呵,334
跋,333
鐐,333
炮,332
柞,331
鼈,331
峅,330
捌,328
棘,328
淞,328
綽,328
辨,324
厲,324
渝,324
邀,324
賎,324
頽,324
旁,324
岷,323
薯,322
騏,322
譴,322
斛,321
魑,321
浚,321
聲,320
麝,318
瑪,318
區,317
郢,317
摸,314
椚,314
鄂,314
礬,313
翟,313
謨,313
痙,313
烽,312
褪,311
對,310
濮,310
櫟,308
紂,308
沛,308
譚,308
屎,304
擱,304
秣,304
茫,303
閖,303
谿,302
芍,301
瀘,300
筥,300
嫩,299
仍,299
奚,297
愍,295
奠,294
憺,294
挾,293
躬,292
箴,292
禧,291
礒,291
嘯,290
甸,288
愃,288
熔,287
鄱,287
驢,287
艸,287
訌,284
蘋,284
澗,283
颱,283
謐,283
涿,283
詹,283
沮,282
曰,281
洮,281
穐,281
悸,280
辭,280
甌,277
濰,277
峴,277
靈,276
搦,276
簀,275
妲,275
铁,274
灣,273
坤,273
畫,272
旌,272
藷,271
滇,271
舳,270
蘊,269
跏,268
沁,268
柯,268
蕁,266
濵,266
罫,265
莽,263
矣,263
鏃,262
臙,262
鑿,261
掴,260
蛎,259
瀝,258
誣,256
鯰,256
渟,256
葎,256
筺,256
瘢,254
詈,254
篁,254
釐,254
誨,253
埒,253
滲,253
籌,253
沽,252
麁,252
鼬,252
滔,251
庾,251
龗,250
蠕,250
曠,249
栂,248
鉗,247
濘,246
衢,246
緘,246
攷,246
畦,246
檮,246
髷,244
儘,244
夾,243
峪,243
罐,243
醫,243
滕,243
朶,242
魍,242
潅,242
甄,241
枋,239
俟,239
瑩,239
檄,237
莎,237
鉋,236
弖,236
僖,235
鎗,234
鱈,234
胝,234
炒,234
軻,233
瑣,233
碼,233
獪,232
泛,232
咎,230
醴,230
逡,230
琿,229
瀛,228
嘴,227
臘,227
梃,227
东,227
饋,227
霆,226
觀,225
卡,225
眩,225
珉,224
羂,224
孩,223
佚,223
蟇,223
痰,222
灤,221
溟,221
魏,221
譙,221
蝎,220
酘,220
嗟,220
辮,218
軛,218
鞜,218
梟,217
籏,216
鞏,215
蛾,215
葭,214
梼,214
莒,212
鋺,212
滎,211
莇,211
蹠,211
薀,209
鹹,209
呰,209
鎔,208
壹,208
茘,208
憊,208
栩,208
舂,208
畸,207
蔗,207
猊,207
謔,207
輓,206
撓,206
霖,206
鰻,206
痔,206
臚,206
頡,206
蒴,206
鈔,205
攣,205
獏,204
鎬,204
慇,203
歇,203
慾,203
懃,203
俎,203
鴛,202
磧,202
涪,202
儺,202
吳,201
炬,200
驟,199
轡,199
潞,199
袱,199
鉅,199
蠱,198
盞,198
筏,197
麩,197
掣,196
冰,196
槨,196
燧,196
咫,196
臂,195
。,195
樓,195
鉉,195
鈿,195
龔,194
剌,194
鋲,193
續,193
闡,193
撚,193
諱,193
滁,192
鄙,192
团,191
濟,191
靄,190
檣,190
郝,189
焜,188
褥,188
驤,188
瘡,188
椴,188
鵯,187
盈,187
簑,186
襴,186
們,186
岔,185
尹,183
郴,183
驀,183
荃,182
謖,181
鸚,181
膂,181
澹,180
櫨,180
蔬,179
錢,179
權,179
媽,178
佞,178
珎,178
扎,177
駙,177
屹,177
疝,176
庖,176
錣,175
爻,175
譽,175
苧,174
匝,174
絳,173
紇,173
湫,173
鄯,173
犢,173
鰾,173
閭,172
拱,172
熕,172
杰,171
陂,171
辜,171
眈,170
夛,170
责,170
埃,170
哥,169
茹,169
籤,169
紊,168
驕,168
牘,167
孕,167
禺,167
賁,166
淇,166
匕,166
紮,166
围,165
樗,165
睫,165
槎,165
處,165
懣,164
鶉,164
縷,164
杮,163
氐,163
邳,163
犍,162
瞿,162
聟,162
匱,162
长,162
盒,161
沾,161
褚,161
毌,161
僊,161
俚,160
莆,160
莘,159
敖,159
洱,159
幢,158
筮,158
嬪,157
擅,157
閼,157
隨,157
肅,156
髦,156
獺,156
暘,156
葆,154
蓜,154
卞,154
扼,153
鶻,153
鴬,153
犁,152
圍,152
耘,152
詁,151
彎,151
仄,149
豐,149
蟠,149
枳,148
聾,148
湍,148
筅,147
釼,147
毗,147
潽,147
歙,146
誡,146
窠,146
觜,146
睢,145
霰,145
迢,145
艱,145
銕,145
弑,144
昵,144
慊,144
靑,143
坏,142
勞,142
竃,142
醂,142
戈,142
沅,142
兀,142
鍈,142
翊,141
槃,141
譯,141
騙,141
倪,141
餡,141
亰,141
广,140
涅,140
讖,140
悛,140
皋,139
瑾,139
貶,139
搗,139
弋,139
姆,139
雒,138
點,138
罔,138
瓌,138
駱,138
銜,136
闖,136
鹽,136
敎,136
殤,136
傅,136
莚,135
笄,135
亳,135
无,135
鈎,134
錕,134
涎,134
蚤,134
鄴,133
袰,133
陴,133
郅,133
攬,132
寥,132
劒,132
銖,132
壟,132
菴,131
聰,131
變,131
霄,131
糎,129
巒,129
黍,129
繆,128
淤,128
釋,128
妍,128
沔,128
郤,128
參,128
婺,128
蝗,127
薊,127
跛,127
幟,126
袢,126
槐,126
扈,126
么,125
襦,125
熈,125
雞,125
胥,125
蒯,125
陜,124
筵,124
騸,123
菏,123
癩,123
恤,123
猩,122
銈,122
潯,122
鋤,122
攸,121
电,121
鍔,121
萍,121
楞,121
鄆,121
碌,121
刎,120
鰌,120
郛,120
麵,120
蜆,120
蠡,120
娥,120
汴,120
蘚,119
哄,119
霽,119
毓,118
蒡,118
尓,117
歐,117
冕,117
效,117
溧,117
藉,116
聨,116
穽,116
訖,116
頤,116
痒,116
燗,116
邕,115
舊,115
總,115
萃,115
萢,115
廩,115
糜,115
飄,114
擯,114
睛,114
譬,114
刁,114
擶,114
觴,113
鉈,113
咀,113
冢,113
誾,112
茱,112
肚,112
癇,111
洙,111
咥,111
喙,111
侘,110
鑲,110
纜,109
繻,109
數,109
驛,109
蛆,109
駮,109
嚶,108
緝,108
墻,108
珥,108
邙,107
斟,107
內,106
蠢,106
军,106
淸,106
靫,105
摠,105
湟,105
陘,105
麴,105
廨,104
佟,104
鋕,104
楫,104
圜,104
釆,103
迴,103
凮,103
霹,103
鐙,102
侏,102
瘻,102
踰,102
厖,102
曁,101
竑,101
雋,101
枦,100
朐,100
晉,100
傀,100
棉,100
靂,100
邃,100
湣,99
駝,99
虢,99
垓,99
鑛,99
燔,99
梠,99
酈,99
逵,98
阳,98
薭,98
鋪,98
馭,98
蛟,98
鞴,98
雕,98
壢,97
游,97
蹶,97
啼,97
跪,97
棡,96
笊,96
篶,96
懈,96
營,96
莵,95
碭,95
翹,95
睺,95
杁,95
筍,94
毋,94
聿,94
珏,94
琇,94
汨,94
圩,93
輕,93
裵,92
鵰,92
拵,92
澧,92
联,92
駛,91
屓,91
淝,91
贔,91
鬚,91
鄰,91
华,91
擂,91
筝,91
炙,91
忿,90
惕,90
耒,90
嶮,90
裨,90
劃,90
硼,90
鄖,90
斃,89
杆,89
礙,88
沱,88
棈,88
邯,88
氈,88
芬,88
瀆,88
沭,88
剿,88
驥,88
寞,88
焙,88
价,88
肄,87
渫,87
兩,87
烝,87
鵝,87
佰,87
碾,86
陕,86
崛,86
榕,86
縢,86
鐺,86
剳,86
岫,86
喇,85
繩,85
气,85
濹,85
时,85
藹,85
椹,85
擎,85
殯,84
僉,84
褌,84
絣,84
陋,84
闥,83
墩,83
廸,83
閇,83
暹,82
洹,82
瞻,82
啖,82
豎,82
仭,82
牀,82
挂,82
螢,82
獎,81
髯,81
鑚,81
甦,81
徙,81
厝,81
棣,81
劔,81
猗,81
訝,81
埤,81
翎,80
輦,80
坎,80
戌,80
开,79
辦,79
銓,79
糯,78
际,78
晧,78
綦,78
絋,78
侚,78
豁,78
稍,77
啤,77
靳,77
賚,76
拈,76
弌,76
闞,76
躙,75
郯,75
悳,75
躋,75
牆,75
炻,75
鈕,75
刳,75
佘,75
跑,74
蘄,74
蕈,74
鸕,74
业,74
杲,74
幄,74
战,74
狷,73
閬,73
鉦,73
隰,73
泓,73
淶,73
戡,73
檍,73
籬,73
抛,73
孺,73
枩,72
膺,72
张,72
翳,72
缺,72
棕,72
爱,72
懊,72
椏,72
桒,71
蘿,71
獻,71
鴟,71
苹,71
懼,71
懋,71
瀚,71
拇,71
擧,70
燮,70
嵆,70
蕙,70
瑜,70
垈,70
萇,70
倩,70
轨,70
艮,69
鰲,69
苣,69
鄢,69
粮,69
恪,69
鄞,69
奐,69
务,69
沒,69
瓚,68
员,68
閒,68
腟,68
爨,68
冽,68
埣,68
鐚,68
瑟,68
笮,68
渣,67
壙,67
鮒,67
昱,67
檔,67
鍜,67
泠,67
棱,67
杳,67
寫,67
謫,67
银,67
滘,66
粱,66
刪,66
趺,66
祺,66
嘘,66
艪,66
恬,66
枌,66
掉,66
黨,66
簪,66
忉,65
擡,65
芷,65
发,65
駢,65
蝠,65
鉃,65
跫,64
憚,64
翕,64
簽,64
絓,64
躰,64
翆,63
綵,63
硅,63
歸,63
耨,63
赭,63
瑯,63
穆,63
噫,63
娍,63
楙,62
岻,62
动,62
鉞,62
甬,62
璞,62
艫,62
嵊,62
娜,62
繞,62
孁,61
环,61
渙,61
弯,61
嘎,61
暲,61
线,61
羈,61
潢,61
雹,61
鄔,61
寉,61
荔,61
崁,61
癲,61
车,61
档,60
襄,60
蒿,60
徇,60
箆,60
筐,60
亶,59
咏,59
憮,59
艙,59
驅,59
愧,58
枓,58
蜻,58
棧,58
瀁,58
曵,58
历,58
棵,58
諚,57
漯,57
黟,57
隱,57
乕,57
愷,57
剄,57
廚,57
黴,57
刄,57
曄,57
樞,57
炫,56
渼,56
歡,56
尔,56
齒,56
罽,56
惶,56
嬴,56
腆,56
墅,56
鬥,56
橇,55
佯,55
覿,55
筌,55
烟,54
拏,54
洽,54
戔,54
楨,54
颪,54
雖,54
茴,53
豌,53
黐,53
謾,53
噪,53
咢,53
咨,53
简,53
壓,53
筠,53
盥,52
隸,52
摧,52
倻,52
嬲,52
潙,52
洺,52
榆,52
嶧,52
旱,52
龙,51
礱,51
鏢,51
蝿,51
幔,51
嗄,51
騾,51
謚,51
淪,51
豳,51
仿,51
倆,51
喊,51
鑰,51
譫,50
姝,50
马,50
鈞,50
乍,50
濂,50
蹋,50
丶,50
姒,50
网,50
嫮,50
箟,50
频,50
贊,50
汉,49
鏞,49
磡,49
讚,49
儆,49
奝,49
擴,49
颶,49
鏥,49
侊,49
粳,49
劭,49
夘,49
酊,49
芮,48
阯,48
匀,48
溷,48
邴,48
侗,48
箍,48
刕,48
簱,48
鞨,48
孀,48
隗,48
红,47
舸,47
儋,47
寰,47
毖,47
冉,47
說,47
繼,47
偸,47
勐,47
悋,47
宁,47
撻,47
駟,46
尸,46
甯,46
筱,46
舫,46
佗,46
啟,46
贓,46
筬,46
徭,46
鄄,46
骰,46
驫,46
曻,46
佻,46
屬,46
呻,46
覗,46
淅,46
倡,46
驊,46
慷,46
硤,45
汜,45
彷,45
稈,45
竝,45
掾,45
郃,45
樛,45
漓,45
匋,45
煇,45
縉,45
媞,45
靉,45
吴,44
弗,44
恙,44
鴉,44
厓,44
蚶,44
坻,44
棊,43
寐,43
琮,43
亂,43
釶,43
凖,43
梳,43
諍,43
鯏,43
癪,43
堊,43
纪,43
耜,43
遏,43
汪,43
恊,43
粵,43
籀,43
躾,43
郿,43
蜉,43
蝣,43
鬐,42
擺,42
徧,42
儿,42
杻,42
蜚,42
罅,42
撅,42
眭,42
禖,42
郄,42
馘,42
濬,42
鄜,42
縹,42
俔,42
夔,42
滏,42
陌,42
抬,42
岢,42
磚,42
栁,42
獵,42
絮,41
濊,41
灞,41
汞,41
恍,41
覲,41
挌,41
估,41
萸,41
楮,41
滌,41
蓨,41
秭,41
捩,41
插,41
隲,41
乐,40
祅,40
棭,40
极,40
硏,40
罕,40
苕,40
臏,40
灑,40
嶗,40
礄,40
蟯,40
慥,40
鑵,40
栴,39
鏖,39
兴,39
疳,39
佬,39
赧,39
庠,39
嗾,39
崞,39
雩,39
鏝,39
吒,39
鲁,39
级,39
偐,39
趙,39
褫,39
濉,39
舅,38
繃,38
醱,38
牓,38
袞,38
箝,38
榔,38
薌,38
囊,37
粭,37
軋,37
曷,37
淕,37
孑,37
埡,37
拯,37
侖,37
迺,37
垠,37
鐔,37
勍,37
煞,37
很,37
连,37
孛,37
产,36
琫,36
〇,36
歲,36
埕,36
梭,36
姞,36
羣,36
瘀,36
祆,36
誹,36
潑,36
痾,36
褄,36
苏,36
琦,36
蛉,36
鬢,35
孽,35
蕤,35
剡,35
啜,35
碣,35
胛,35
笵,35
瀰,35
鰂,35
珱,35
瀲,35
嫄,35
舉,35
澈,35
黽,35
橡,34
亟,34
黥,34
蘐,34
舁,34
嶐,34
憍,34
兰,34
溌,34
敕,34
柗,34
刘,34
蝙,34
鄉,34
稱,34
囍,34
瑋,34
靍,34
糺,34
资,34
遐,34
濛,33
琪,33
焯,33
尅,33
膽,33
怕,33
笥,33
脘,33
繖,33
墊,33
瞠,33
軫,33
２,33
鮴,33
陦,33
澠,33
鑢,33
瓔,33
覩,33
丿,33
瘋,33
郫,33
碟,33
俥,33
蟋,33
郜,33
进,32
鳧,32
覃,32
竦,32
馥,32
悄,32
邠,32
螂,32
杤,32
廐,32
罡,32
臑,32
鈺,32
总,32
胶,32
廢,32
朵,32
泯,32
蝟,32
瓮,32
枸,32
遞,31
媓,31
语,31
喃,31
霑,31
幺,31
芎,31
塼,31
炤,31
揥,31
醵,31
鬯,31
柢,31
靏,31
皙,31
协,31
丫,31
蓚,31
湮,31
贵,30
怙,30
竴,30
郾,30
荆,30
湄,30
桥,30
硲,30
錺,30
呀,30
禑,30
1,30
斷,30
縒,30
溯,30
灝,30
办,30
煜,30
陈,30
癋,30
蒨,30
翩,30
腥,30
屆,30
醯,29
羿,29
韜,29
淹,29
传,29
鳰,29
琰,29
襍,29
嗇,29
靚,29
奶,29
葷,29
銹,29
仞,29
埗,29
邛,29
桙,29
墉,29
隍,29
跗,29
樔,29
誥,29
珙,29
顏,29
竭,29
髀,28
氂,28
莪,28
琛,28
桴,28
皺,28
鑫,28
鱲,28
忯,28
邌,28
舮,28
卅,28
杨,28
昤,28
鰔,28
傣,28
韃,28
俑,28
簔,27
鄲,27
瘟,27
灊,27
菸,27
髑,27
鮑,27
麼,27
乂,27
鑞,27
鴆,27
蟷,27
巓,27
瀦,27
橦,27
齣,27
嶠,27
漾,27
圻,27
碆,27
热,27
跆,27
媯,27
煆,27
羇,27
煖,27
郗,27
忖,26
嶷,26
貓,26
橅,26
鉸,26
舖,26
苾,26
滿,26
蚌,26
璿,26
个,26
姊,26
釵,26
Ｂ,26
佶,26
达,26
澂,26
鴦,26
嗽,26
蛤,25
鼇,25
枻,25
罗,25
峩,25
荖,25
决,25
涓,25
僮,25
崧,25
馗,25
阡,25
搏,25
坵,25
碚,25
鶇,25
恠,25
苡,25
俶,25
戩,25
塹,25
嵓,25
娟,25
凞,25
藜,25
磻,25
专,25
书,25
徂,24
媾,24
蠶,24
烋,24
囯,24
现,24
滨,24
痞,24
风,24
牴,24
曦,24
閦,24
瀟,24
捍,24
甪,24
济,24
惻,24
灶,24
喞,24
柤,24
３,24
齶,24
膊,24
軑,24
釿,23
瓷,23
蜊,23
茌,23
刮,23
髹,23
膩,23
筷,23
杦,23
１,23
瓏,23
擇,23
瘤,23
嵬,23
僣,23
鈐,23
2,23
銷,23
偷,23
礽,23
覈,23
塢,23
逄,23
產,23
彜,23
踞,23
穠,23
鄠,23
韭,22
蠻,22
湳,22
據,22
浿,22
杀,22
坳,22
埇,22
銛,22
幷,22
徑,22
熒,22
髎,22
儔,22
耺,22
侫,22
貊,22
誑,22
崕,22
鮨,22
綋,22
擔,22
撩,22
耄,21
笶,21
屛,21
兕,21
嬀,21
旒,21
岨,21
暾,21
祜,21
鏨,21
桾,21
岛,21
翡,21
皷,21
欅,21
湶,21
邗,21
输,21
嵋,21
翦,21
挹,21
酆,21
关,21
罧,21
对,21
俀,21
閿,21
耻,21
摔,21
葯,21
啞,21
蹤,21
覊,21
韩,21
麛,21
贍,21
畈,21
厂,21
洧,20
詒,20
薤,20
秧,20
籐,20
孚,20
碰,20
Ｐ,20
樑,20
轆,20
骶,20
罘,20
繇,20
靠,20
佈,20
衹,20
圉,20
它,20
殘,20
榀,20
閂,20
璟,20
磴,20
昰,20
梔,20
坨,20
蟾,20
髻,20
姬,20
捄,20
忰,20
憨,20
卻,20
熄,20
蘗,20
囿,20
驩,20
湞,20
胜,20
晥,20
惲,20
拖,20
桀,20
匙,20
膻,20
袍,20
巛,20
杙,20
闓,20
畄,20
綯,20
蓴,19
枅,19
圡,19
橳,19
葩,19
玹,19
麑,19
鶊,19
廾,19
嶲,19
埖,19
运,19
丐,19
貽,19
傕,19
经,19
鐄,19
餝,19
坌,19
聳,19
报,19
豬,19
撿,19
紕,19
挖,19
寳,19
荑,19
卫,19
兮,19
淩,19
蒂,19
壤,19
圣,19
貂,19
鋁,19
簇,19
溏,19
泙,19
淯,19
苟,19
庆,19
螭,19
洟,19
噶,18
飭,18
岌,18
珣,18
媼,18
僦,18
园,18
儡,18
浠,18
慳,18
楛,18
鎣,18
鬲,18
俞,18
臉,18
查,18
蛹,18
幫,18
伙,18
辵,18
狡,18
徯,18
软,18
术,18
雎,18
峒,18
犹,18
閶,18
栫,18
澶,18
酛,18
虓,18
粍,18
墮,18
笨,18
为,18
駭,18
蔀,18
黯,18
軹,18
旻,18
礀,18
扛,18
门,18
兖,18
帕,18
译,18
蘖,17
偰,17
觔,17
媄,17
輞,17
疵,17
澍,17
找,17
勛,17
駑,17
图,17
纉,17
畯,17
癈,17
击,17
熏,17
瘁,17
﨟,17
权,17
諳,17
烤,17
憙,17
仵,17
獐,17
虱,17
睹,17
婧,17
导,17
鉚,17
尙,17
玃,17
鏱,17
繪,17
汧,17
樮,17
墀,17
蜑,17
鯲,17
烘,17
鰥,17
、,17
莲,17
弭,17
单,17
懴,16
闐,16
麃,16
酃,16
薈,16
剔,16
泫,16
簧,16
檉,16
佇,16
俏,16
蹻,16
嫺,16
綟,16
咁,16
滂,16
濩,16
樴,16
繒,16
砌,16
㐂,16
戶,16
囉,16
郟,16
枉,16
旃,16
楸,16
淖,16
犭,16
鞅,16
萨,16
瞋,16
样,16
涂,16
魘,16
埈,16
鼡,16
綝,15
乩,15
锦,15
廮,15
离,15
糲,15
鮁,15
衲,15
箙,15
瀍,15
冼,15
腳,15
鷆,15
箞,15
獠,15
扯,15
臻,15
砫,15
佔,15
菉,15
邈,15
晢,15
鏤,15
溈,15
鵆,15
岁,15
遒,15
蠖,15
鲜,15
涕,15
汭,15
蹈,15
臾,15
鉏,15
夸,15
柒,15
洌,15
塌,15
赵,15
殼,15
瞎,15
鄚,15
朏,15
謌,15
榷,15
髏,15
畤,15
蓊,15
箐,15
笂,15
釻,15
癘,15
搨,15
拌,15
彳,15
蹕,15
遲,15
哱,14
澆,14
临,14
璜,14
鐶,14
豺,14
菑,14
顫,14
緤,14
囁,14
售,14
潛,14
唎,14
圷,14
樸,14
曈,14
鍱,14
鄷,14
倧,14
縯,14
婷,14
规,14
丰,14
瘞,14
罨,14
邽,14
隶,14
槵,14
軣,14
贸,14
彖,14
麌,14
弢,14
队,14
扌,14
宀,14
喨,14
义,14
疔,14
蟆,14
讙,14
蟒,14
苳,14
框,13
轜,13
实,13
匐,13
Ｍ,13
圦,13
萣,13
轤,13
鰕,13
尞,13
跟,13
耙,13
习,13
猇,13
疃,13
辧,13
勸,13
藐,13
鍹,13
峭,13
襾,13
蠍,13
她,13
鯱,13
鷂,13
禔,13
緱,13
廬,13
标,13
泪,13
胭,13
朳,13
塲,13
丽,13
饑,13
鉎,13
塬,13
昕,13
媧,13
Ｉ,13
佤,13
畧,13
捃,13
侈,13
攴,13
珮,13
儁,13
蓁,13
蓂,13
佺,13
漵,13
烔,13
鑷,13
囗,13
鍝,13
鉀,13
薑,12
跌,12
恂,12
瘂,12
鑅,12
赛,12
瑰,12
婪,12
癡,12
勵,12
溮,12
絛,12
斫,12
弈,12
秞,12
姈,12
嗤,12
暨,12
顗,12
衮,12
啀,12
鯁,12
罩,12
羔,12
羝,12
籘,12
怀,12
氓,12
篮,12
仚,12
婭,12
磌,12
顓,12
攄,12
橛,12
郑,12
鄮,12
满,12
壑,12
弃,12
熺,12
懦,12
苽,12
碉,12
漪,12
蚡,12
懽,12
軀,12
囧,12
殳,12
榧,12
樨,12
霓,12
鄺,12
咾,12
邾,12
泚,12
豉,12
揀,12
湜,12
駻,12
螘,11
緇,11
爼,11
篩,11
叭,11
证,11
褰,11
砭,11
葹,11
狢,11
曬,11
塒,11
坮,11
楝,11
梦,11
鉊,11
釟,11
諗,11
纛,11
树,11
埭,11
黝,11
貮,11
鑁,11
药,11
冫,11
溱,11
檪,11
暐,11
縋,11
莬,11
愔,11
隹,11
橲,11
黏,11
湓,11
汊,11
嫥,11
璣,11
珩,11
毽,11
崀,11
塰,11
撝,11
庲,11
錻,11
鮦,11
鑒,11
薏,11
殃,11
秌,11
两,11
斠,11
髃,11
箜,11
酥,11
轎,11
錵,11
夯,11
灵,11
袂,11
鈇,11
杠,11
虵,11
彧,11
韞,11
师,11
絕,11
霎,10
鬧,10
楱,10
哇,10
僰,10
檑,10
帑,10
﨏,10
錚,10
飆,10
畲,10
馆,10
褓,10
摄,10
窈,10
呱,10
縵,10
孱,10
穝,10
旼,10
儇,10
爐,10
囘,10
輟,10
桷,10
苞,10
靇,10
夂,10
龕,10
冂,10
执,10
庐,10
茈,10
駸,10
堈,10
炅,10
嗷,10
冏,10
貔,10
髠,10
筎,10
鮪,10
狎,10
创,10
畹,10
圆,10
揣,10
騭,10
犛,10
夥,10
鱖,10
鞞,10
亅,10
鋹,10
畚,10
蛔,10
倅,10
唔,10
鏘,10
鑠,10
迩,10
珖,10
涬,10
齲,10
钢,10
玳,10
蠧,9
视,9
冖,9
远,9
窿,9
隝,9
飩,9
嬤,9
恃,9
髡,9
楹,9
琺,9
沪,9
蒭,9
濼,9
确,9
涑,9
喆,9
许,9
靁,9
賻,9
悧,9
羡,9
孼,9
犧,9
奲,9
晁,9
罌,9
饭,9
蕲,9
凞,9
卭,9
鈆,9
掎,9
髟,9
磺,9
驂,9
灃,9
匚,9
玟,9
笆,9
计,9
维,9
妤,9
騤,9
皰,9
凭,9
鰊,9
寻,9
躓,9
俾,9
錡,9
苴,9
琬,9
巂,9
鰓,9
欹,9
亠,9
芚,9
硃,9
韙,9
顺,9
荳,9
镇,9
䆃,9
榁,9
濶,9
澮,9
禕,9
灄,9
亚,9
戳,9
騫,9
鰼,9
轻,9
蕚,9
芾,9
偈,9
凤,9
嶂,9
佝,9
过,9
嫻,9
梍,9
矧,9
暝,9
頊,9
麋,9
壒,9
銍,9
顱,9
扬,9
狒,9
污,8
匍,8
膅,8
蓝,8
颺,8
浍,8
綰,8
欢,8
宾,8
虍,8
举,8
猯,8
掇,8
亹,8
护,8
枎,8
莧,8
腦,8
戇,8
涮,8
观,8
猖,8
撕,8
乌,8
笞,8
躡,8
漷,8
瑒,8
蓮,8
廆,8
粲,8
鬃,8
堉,8
焱,8
芊,8
塱,8
垸,8
窣,8
醋,8
势,8
咕,8
槫,8
飞,8
縟,8
嚼,8
綎,8
篦,8
蕣,8
综,8
殀,8
捔,8
鯎,8
鈸,8
羸,8
叻,8
謊,8
溆,8
唳,8
铜,8
徼,8
簣,8
鋓,8
呾,8
逧,8
芟,8
溲,8
弍,8
糕,8
黜,8
逕,8
杅,8
卩,8
輶,8
侦,8
畊,8
酇,8
媳,8
椵,8
转,8
盖,8
芿,8
迤,8
芜,8
擤,8
曩,8
姣,8
幤,8
.,8
鍇,8
浘,8
禀,8
璝,8
壠,7
寀,7
霾,7
蟌,7
鰣,7
襞,7
鄣,7
磈,7
棗,7
糝,7
洣,7
觚,7
场,7
昉,7
嚕,7
奭,7
换,7
腊,7
讘,7
傒,7
誄,7
畺,7
窗,7
骼,7
垌,7
鈊,7
逎,7
磑,7
鞣,7
璠,7
璩,7
佉,7
览,7
揵,7
躱,7
尢,7
寤,7
扣,7
摹,7
皎,7
妺,7
悅,7
岭,7
议,7
缸,7
惛,7
忒,7
絙,7
儷,7
Ｅ,7
贏,7
钟,7
卬,7
氧,7
剧,7
傔,7
虬,7
觸,7
靗,7
銐,7
窋,7
篚,7
闈,7
梆,7
嵭,7
货,7
闔,7
岦,7
词,7
⽤,7
彡,7
縺,7
諢,7
陭,7
鋠,7
籙,7
椪,7
渲,7
扠,7
盘,7
众,7
岵,7
逍,7
糫,7
腾,7
鰀,7
农,7
嫖,7
梥,7
肓,7
则,7
秬,7
倬,7
椨,7
璡,7
窰,7
傻,7
暈,7
龠,7
烺,7
蘅,7
椣,7
暻,7
盔,7
僐,7
眄,7
别,7
逯,7
茁,7
惒,7
玦,7
鯤,7
懶,7
痼,7
狋,7
擣,7
韵,7
驁,7
蒗,7
鼂,7
疯,7
蚵,7
匸,6
觥,6
潍,6
貺,6
顶,6
畴,6
洫,6
垤,6
鐃,6
橐,6
昞,6
侨,6
壗,6
鉐,6
涔,6
爿,6
竫,6
瑗,6
宪,6
蘷,6
夊,6
纳,6
姙,6
餜,6
鷣,6
扨,6
捫,6
绿,6
荐,6
飮,6
嘏,6
袒,6
营,6
騶,6
蚺,6
乽,6
蘢,6
蓖,6
泽,6
汙,6
醞,6
甞,6
暄,6
领,6
鮠,6
椥,6
险,6
纎,6
裹,6
駉,6
綁,6
嶴,6
娛,6
芩,6
齧,6
泮,6
崤,6
籖,6
訾,6
皂,6
鄽,6
绽,6
徊,6
櫁,6
劄,6
顒,6
諤,6
燵,6
隂,6
廝,6
咪,6
犱,6
强,6
怤,6
幵,6
楲,6
枛,6
煨,6
嫫,6
棯,6
墘,6
睞,6
岾,6
煦,6
罦,6
掄,6
槪,6
陆,6
罠,6
鼾,6
窑,6
珺,6
壜,6
瑁,6
歆,6
慚,6
绣,6
鷁,6
椱,6
攔,6
爰,6
豇,6
諟,6
墹,6
监,6
响,6
鱉,6
屮,6
龢,6
劼,6
您,6
妧,6
諴,6
吽,6
谊,6
垬,6
鬪,6
澡,6
濚,6
迀,6
懌,6
黹,6
莨,6
陁,6
勹,6
璹,5
虒,5
讎,5
胄,5
蕺,5
覓,5
另,5
嫐,5
皈,5
巔,5
楂,5
螳,5
蒄,5
檳,5
齎,5
疍,5
檫,5
审,5
剗,5
痂,5
徃,5
輏,5
嬈,5
霅,5
橉,5
嬋,5
巵,5
澣,5
鵺,5
冐,5
间,5
曮,5
玛,5
赐,5
嶹,5
幞,5
閽,5
豸,5
缅,5
鴗,5
统,5
跿,5
抓,5
懂,5
搞,5
怱,5
鶫,5
扩,5
鄡,5
韴,5
忩,5
柧,5
朞,5
萧,5
絺,5
罟,5
衫,5
艜,5
廴,5
欬,5
凵,5
桛,5
蚪,5
栲,5
玵,5
湴,5
矽,5
变,5
慘,5
羑,5
繽,5
卾,5
凃,5
闸,5
粡,5
庬,5
蕹,5
鞫,5
覘,5
塍,5
启,5
鏺,5
唵,5
鱷,5
謦,5
乢,5
芼,5
杂,5
逑,5
獷,5
苍,5
竞,5
歬,5
孙,5
旿,5
鏻,5
奫,5
贯,5
鬍,5
仟,5
载,5
洼,5
弴,5
崮,5
耋,5
佾,5
诚,5
殱,5
仨,5
绕,5
粿,5
躪,5
禛,5
怎,5
訇,5
癶,5
嵇,5
拚,5
髁,5
鶸,5
嘛,5
４,5
浯,5
螻,5
蟀,5
僵,5
淒,5
鞱,5
鱔,5
诸,5
忝,5
蔪,5
锐,5
旆,5
栝,5
偠,5
緜,4
攖,4
叺,4
洁,4
牺,4
擘,4
娚,4
葮,4
浞,4
鱏,4
畋,4
皀,4
艅,4
僥,4
肸,4
籲,4
冯,4
猨,4
麤,4
霫,4
趵,4
裘,4
汤,4
蹇,4
蹹,4
鑈,4
竅,4
扑,4
撣,4
祏,4
喱,4
掏,4
璇,4
膣,4
鋩,4
瑙,4
暆,4
婀,4
净,4
嶬,4
齷,4
簫,4
薐,4
璦,4
僂,4
酱,4
闵,4
倛,4
鐳,4
觉,4
脯,4
鮰,4
荅,4
儚,4
斅,4
茯,4
耦,4
拊,4
輒,4
歹,4
鶲,4
弇,4
綮,4
硐,4
駃,4
琼,4
賨,4
迸,4
萓,4
焗,4
菻,4
肫,4
玢,4
惘,4
闹,4
购,4
冝,4
蟶,4
肃,4
搠,4
垵,4
壋,4
瓯,4
樿,4
椈,4
镶,4
勱,4
垟,4
嵕,4
鷙,4
朮,4
鳫,4
饔,4
﨤,4
軼,4
牖,4
貎,4
琲,4
讞,4
够,4
軺,4
碽,4
裙,4
陲,4
牵,4
蓺,4
铂,4
伦,4
筊,4
鴪,4
邮,4
鮞,4
黿,4
缼,4
痲,4
炘,4
閎,4
纓,4
篡,4
坬,4
洄,4
夋,4
榨,4
睇,4
翱,4
蘧,4
狟,4
諐,4
竒,4
檐,4
灿,4
霙,4
埝,4
伤,4
埿,4
缽,4
们,4
盦,4
库,4
佽,4
组,4
迯,4
葈,4
葰,4
揷,4
濒,4
踐,4
纯,4
紵,4
仆,4
菽,4
咤,4
洎,4
夀,4
忬,4
誽,4
犾,4
彑,4
栀,4
遘,4
芉,4
祛,4
諠,4
碵,4
妁,4
菠,4
薷,4
褧,4
駩,4
褭,4
閟,4
顙,4
阶,4
鉷,4
硴,4
萪,4
错,4
掀,4
讲,4
驒,4
鏄,4
殾,4
埵,4
紝,4
侒,4
搩,4
呶,4
悰,4
鰈,4
柝,4
辽,4
藂,4
娀,4
诱,4
凾,4
欖,4
冦,4
跖,4
宽,4
踢,4
騅,4
邶,4
嫣,4
瞀,3
颰,3
盎,3
偆,3
䴥,3
头,3
倾,3
娄,3
癸,3
艘,3
徨,3
啣,3
拑,3
嬥,3
夨,3
辖,3
瓘,3
囈,3
疣,3
陟,3
鬻,3
逹,3
侻,3
詿,3
忢,3
蒻,3
镜,3
狮,3
漊,3
郇,3
鷓,3
滩,3
膁,3
遯,3
泸,3
渔,3
麈,3
鵤,3
蒟,3
贾,3
俅,3
戱,3
瑨,3
䔥,3
皁,3
篏,3
釗,3
誐,3
盱,3
圯,3
沧,3
榻,3
扒,3
厶,3
誂,3
讨,3
畉,3
课,3
殄,3
輅,3
蠆,3
椡,3
疁,3
巅,3
毯,3
炷,3
乇,3
椽,3
鎏,3
㛹,3
冈,3
櫜,3
薍,3
蜾,3
婕,3
歧,3
鱘,3
涡,3
从,3
兢,3
腧,3
见,3
禳,3
撐,3
啃,3
竽,3
罍,3
頎,3
燜,3
鱀,3
蟜,3
鵔,3
鵩,3
淌,3
餠,3
豲,3
燹,3
亷,3
姵,3
蟳,3
蛩,3
攜,3
沘,3
嗢,3
嗎,3
虯,3
曚,3
菪,3
崴,3
逊,3
伾,3
巍,3
娇,3
尒,3
拆,3
鞬,3
獬,3
珸,3
堠,3
涞,3
蔯,3
订,3
槹,3
阅,3
让,3
⿅,3
种,3
轔,3
垛,3
轮,3
轑,3
闻,3
嬾,3
吡,3
汛,3
龝,3
陔,3
鄃,3
戧,3
窘,3
哷,3
伹,3
潥,3
质,3
埦,3
殷,3
选,3
樱,3
輾,3
璨,3
鮃,3
捶,3
钱,3
妆,3
魴,3
軕,3
爸,3
扫,3
茭,3
钻,3
惱,3
撑,3
綉,3
碶,3
Ｑ,3
晳,3
紜,3
萑,3
褹,3
冪,3
焴,3
茆,3
賸,3
玘,3
龜,3
复,3
閨,3
痤,3
挪,3
軾,3
鄕,3
儻,3
瘈,3
嵙,3
梜,3
葢,3
峁,3
汇,3
齦,3
闽,3
迟,3
閱,3
囶,3
獒,3
脉,3
皞,3
梀,3
猾,3
滳,3
掫,3
牦,3
蠹,3
财,3
预,3
塋,3
盐,3
鏐,3
该,3
遑,3
驰,3
蠘,3
枘,3
睟,3
欟,3
镕,3
慵,3
颐,3
玠,3
鶚,3
覉,3
缆,3
谥,3
幪,3
皚,3
优,3
髐,3
慤,3
吕,3
躅,3
扞,3
釦,3
滷,3
鵲,3
泖,3
睍,3
悖,3
铃,3
彘,3
蹉,3
鮄,3
链,3
芃,3
哢,3
翛,3
藕,3
聪,3
糘,3
幃,3
椌,3
倨,3
逾,3
腮,3
垱,3
秈,3
桌,3
鄀,3
娲,3
韦,3
仂,3
禌,3
说,3
赣,3
犂,3
郕,3
棫,3
魵,3
嚙,3
髓,3
聱,3
陬,3
槁,3
龟,3
怛,3
烜,3
滦,3
滾,3
猎,3
鉑,3
睚,3
鄅,3
陡,3
鵣,3
彝,3
尟,3
养,3
汋,3
蓏,3
蹛,3
宫,3
堌,3
瞓,3
炁,3
衽,3
妛,3
魃,3
庤,3
藿,3
簠,3
廕,3
乡,3
妝,3
魷,3
檝,3
呍,3
纊,3
麂,3
负,3
扜,3
蔞,3
柁,3
稅,3
扭,3
浹,3
慙,3
槊,3
覬,3
枰,3
壅,3
鏜,3
奣,3
巠,3
鞁,3
鐲,3
脃,3
坩,3
鄫,3
鴃,3
譌,3
签,3
吝,3
穡,3
贇,3
槢,3
仑,3
喻,3
蕰,3
匤,3
应,3
宓,3
鼉,3
珲,3
殽,3
笔,3
蔿,3
舔,3
灟,3
颮,3
伉,3
鈦,3
氟,3
璚,3
揶,3
趁,3
卮,3
嗲,3
賡,3
厅,3
项,3
垜,3
銙,3
坟,3
茍,3
祟,3
躺,3
荥,3
鮚,3
贺,3
蔴,3
划,3
岜,3
设,3
鯽,3
恟,3
鞖,3
嚫,3
甎,3
釡,3
氹,3
梘,3
搶,3
顴,3
边,3
５,3
